Job Title,Company,Link
HR Head,Magicians of Wellness (India) Pvt. Ltd.,https://www.herkey.com/jobs/hr-head/173732
Data Engineer III - Data Engineering,Cencora,https://www.herkey.com/jobs/data-engineer-iii---data-engineering/173712
SAP PI/PO Developer,Cencora,https://www.herkey.com/jobs/sap-pi-po-developer/173715
Analyst II - IT Solutions,Cencora,https://www.herkey.com/jobs/analyst-ii---it-solutions/173716
Senior Salesforce Developer,Cencora,https://www.herkey.com/jobs/senior-salesforce-developer/173713
Senior ABAP Developer - SAP ECC,Cencora,https://www.herkey.com/jobs/senior-abap-developer---sap-ecc/173714
Manager - Software Engineer,Cencora,https://www.herkey.com/jobs/manager---software-engineer/173709
Engineer II - Software Engineering,Cencora,https://www.herkey.com/jobs/engineer-ii---software-engineering/173711
Application Developer III,Cencora,https://www.herkey.com/jobs/application-developer-iii/173708
Azure Cloud Data Engineer,Cencora,https://www.herkey.com/jobs/azure-cloud-data-engineer/173710
Online Research Participants (Remote/Part-Time/Casual),PanelPlace,https://www.herkey.com/jobs/online-research-participants-remote-part-time-casual/172444
Customer Support Engineer,HSR IT SOLUTIONS PVT LTD,https://www.herkey.com/jobs/customer-support-engineer/119016
Freelance Content Writer,WittyPen Media Services Pvt. Ltd,https://www.herkey.com/jobs/freelance-content-writer/90422
Internship | Work from Home,BTS360 (formerly GetSupport Business Partners),https://www.herkey.com/jobs/internship--work-from-home/164872
Work from Home Internship,BTS360 (formerly GetSupport Business Partners),https://www.herkey.com/jobs/work-from-home-internship/166238
Professional Listener ( Work From Home ),Capslock MarketPlaces Private Limited,https://www.herkey.com/jobs/professional-listener--work-from-home-/172531
"Marketing Content Specialist –Editor and Writer, Consumer Fashion & Beauty",Nextworld Consumer,https://www.herkey.com/jobs/marketing-content-specialist-editor-and-writer-consumer-fashion--beauty/41478
Human Resources Manager,Venture Smarter,https://www.herkey.com/jobs/human-resources-manager/162466
Influencer Marketing Manager,DRIM,https://www.herkey.com/jobs/influencer-marketing-manager/172692
HR Assistant,Carnivore Style,https://www.herkey.com/jobs/hr-assistant/165805
HR Head,Magicians of Wellness (India) Pvt. Ltd.,https://www.herkey.com/jobs/hr-head/173732
Data Engineer III - Data Engineering,Cencora,https://www.herkey.com/jobs/data-engineer-iii---data-engineering/173712
SAP PI/PO Developer,Cencora,https://www.herkey.com/jobs/sap-pi-po-developer/173715
Analyst II - IT Solutions,Cencora,https://www.herkey.com/jobs/analyst-ii---it-solutions/173716
Senior Salesforce Developer,Cencora,https://www.herkey.com/jobs/senior-salesforce-developer/173713
Senior ABAP Developer - SAP ECC,Cencora,https://www.herkey.com/jobs/senior-abap-developer---sap-ecc/173714
Manager - Software Engineer,Cencora,https://www.herkey.com/jobs/manager---software-engineer/173709
Engineer II - Software Engineering,Cencora,https://www.herkey.com/jobs/engineer-ii---software-engineering/173711
Application Developer III,Cencora,https://www.herkey.com/jobs/application-developer-iii/173708
Azure Cloud Data Engineer,Cencora,https://www.herkey.com/jobs/azure-cloud-data-engineer/173710
Telugu Social Interaction Coach,FRND App,https://www.herkey.com/jobs/telugu-social-interaction-coach/173695
Social Interaction Coach,FRND App,https://www.herkey.com/jobs/social-interaction-coach/173694
Tamil Social Interaction Coach,FRND App,https://www.herkey.com/jobs/tamil-social-interaction-coach/173696
Software Developer - Application Development and Support,Micron,https://www.herkey.com/jobs/software-developer---application-development-and-support/173673
Software Developer - Java,Ericsson,https://www.herkey.com/jobs/software-developer---java/173664
Software Developer - Java,Ericsson,https://www.herkey.com/jobs/software-developer---java/173666
Software Developer - Java,Ericsson,https://www.herkey.com/jobs/software-developer---java/173667
Software Analyst,Ericsson,https://www.herkey.com/jobs/software-analyst/173670
Data Scientist,Ericsson,https://www.herkey.com/jobs/data-scientist/173663
Software Developer - Java,Ericsson,https://www.herkey.com/jobs/software-developer---java/173668
Data Scientist,Ericsson,https://www.herkey.com/jobs/data-scientist/173661
IAM Engineer,Ericsson,https://www.herkey.com/jobs/iam-engineer/173657
ICT Engineer - IP Connectivity,Ericsson,https://www.herkey.com/jobs/ict-engineer---ip-connectivity/173658
Data Scientist,Ericsson,https://www.herkey.com/jobs/data-scientist/173662
Senior Security Specialist,Ericsson,https://www.herkey.com/jobs/senior-security-specialist/173653
"Senior Manager, SOX Compliance & Risk Management",GoDaddy,https://www.herkey.com/jobs/senior-manager-sox-compliance--risk-management/173651
Emotional support coach,FRND App,https://www.herkey.com/jobs/emotional-support-coach/173616
"Manager, SOX Compliance & Risk Management",GoDaddy,https://www.herkey.com/jobs/manager-sox-compliance--risk-management/173618
Malayalam Listner,FRND App,https://www.herkey.com/jobs/malayalam-listner/173615
Hindi Speaking Coach,FRND App,https://www.herkey.com/jobs/hindi-speaking-coach/173617
IT Auditor,Finastra,https://www.herkey.com/jobs/it-auditor/173597
Transition Management Manager,Amgen India,https://www.herkey.com/jobs/transition-management-manager/173594
Community Executive,HerKey,https://www.herkey.com/jobs/community-executive/173609
Freelance Moderator,HerKey,https://www.herkey.com/jobs/freelance-moderator/173611
Senior Analyst – Accounts,Optum,https://www.herkey.com/jobs/senior-analyst--accounts/173580
Senior Associate Data Management,Amgen India,https://www.herkey.com/jobs/senior-associate-data-management/173590
International Regulatory Lead,Amgen India,https://www.herkey.com/jobs/international-regulatory-lead/173591
Manager - International Regulatory Lead,Amgen India,https://www.herkey.com/jobs/manager---international-regulatory-lead/173592
Senior Customer Service Representative,Optum,https://www.herkey.com/jobs/senior-customer-service-representative/173574
Supervisor Customer Service,Optum,https://www.herkey.com/jobs/supervisor-customer-service/173575
"Data Analyst – Power BI, Python and Alteryx",Optum,https://www.herkey.com/jobs/data-analyst--power-bi-python-and-alteryx/173578
Senior Customer Service Representative,Optum,https://www.herkey.com/jobs/senior-customer-service-representative/173573
Trainer,Optum,https://www.herkey.com/jobs/trainer/173577
Senior Customer Service Representative,Optum,https://www.herkey.com/jobs/senior-customer-service-representative/173572
Associate Collections Representative – Fresher,Optum,https://www.herkey.com/jobs/associate-collections-representative--fresher/173554
Medical Coding Analyst,Optum,https://www.herkey.com/jobs/medical-coding-analyst/173556
Junior Medical Coder,Optum,https://www.herkey.com/jobs/junior-medical-coder/173567
Customer Service Representative,Optum,https://www.herkey.com/jobs/customer-service-representative/173571
Senior Clinical Appeals Reviewer,Optum,https://www.herkey.com/jobs/senior-clinical-appeals-reviewer/173568
Billing Representative,Optum,https://www.herkey.com/jobs/billing-representative/173551
Data Entry Executive (work from home),Busibud Solutions,https://www.herkey.com/jobs/data-entry-executive-work-from-home/173548
Assistant Manager Collections,Optum,https://www.herkey.com/jobs/assistant-manager-collections/173552
Event Coordinator (Freelance),HerKey,https://www.herkey.com/jobs/event-coordinator-freelance/173521
React.js Developer,Cognizant,https://www.herkey.com/jobs/reactjs-developer/173497
Telecallers [Freelance],HerKey,https://www.herkey.com/jobs/telecallers-freelance/173520
"Sr GCP Data Engineer, SMAI",Micron,https://www.herkey.com/jobs/sr-gcp-data-engineer-smai/173490
Cybersecurity Penetration Tester for Reboot,HP Inc,https://www.herkey.com/jobs/cybersecurity-penetration-tester-for-reboot/173492
People Business Partner,Ericsson,https://www.herkey.com/jobs/people-business-partner/173405
Sr.Manager/Manager-Marketing Automation,HerKey,https://www.herkey.com/jobs/srmanager-manager-marketing-automation/173404
Software Developer - Java,Ericsson,https://www.herkey.com/jobs/software-developer---java/173113
Financial Data Anlayst,MOODY'S,https://www.herkey.com/jobs/financial-data-anlayst/173117
Social Interaction Coach,FRND App,https://www.herkey.com/jobs/social-interaction-coach/173106
Kannada Conversation Coach,FRND App,https://www.herkey.com/jobs/kannada-conversation-coach/173107
Trainer,Optum,https://www.herkey.com/jobs/trainer/173101
R&D-PEPD-VEPA-COMMON SERVICES & SOFTWARE,CNH,https://www.herkey.com/jobs/rd-pepd-vepa-common-services--software/173075
"Sr Staff Engineer, DFT",Renesas,https://www.herkey.com/jobs/sr-staff-engineer-dft/173028
Functional Consultant/ Process Owner – RTR & Fixed Assets,JSW,https://www.herkey.com/jobs/functional-consultant--process-owner--rtr--fixed-assets/172845
Internal Audit & Compliance – JSW GBS,JSW,https://www.herkey.com/jobs/internal-audit--compliance--jsw-gbs/172843
Finance and Accounting Analytics Specialist,JSW,https://www.herkey.com/jobs/finance-and-accounting-analytics-specialist/172842
Supplier Quality Lead,ZF Group,https://www.herkey.com/jobs/supplier-quality-lead/172725
Assistant Manager - Outbound Logistics,ZF Group,https://www.herkey.com/jobs/assistant-manager---outbound-logistics/172720
Deputy Manager - Supplier Quality,ZF Group,https://www.herkey.com/jobs/deputy-manager---supplier-quality/172724
Deputy deliver Manager-DDM Intercompany/AP,ABB India Limited,https://www.herkey.com/jobs/deputy-deliver-manager-ddm-intercompany-ap/172694
Senior Finance Specialist - General Accounting,ABB India Limited,https://www.herkey.com/jobs/senior-finance-specialist---general-accounting/172698
Influencer Marketing Manager,DRIM,https://www.herkey.com/jobs/influencer-marketing-manager/172692
Regional Innovation Lead,ZF Group,https://www.herkey.com/jobs/regional-innovation-lead/172719
Project Manager,Dsights,https://www.herkey.com/jobs/project-manager/172689
Finance Analyst - Accounts Payable,dunnhumby,https://www.herkey.com/jobs/finance-analyst---accounts-payable/172683
English Speaking Coach,FRND App,https://www.herkey.com/jobs/english-speaking-coach/172110
Senior AI/ML Engineer,HerKey,https://www.herkey.com/jobs/senior-ai-ml-engineer/169560
Customer Support Engineer,HSR IT SOLUTIONS PVT LTD,https://www.herkey.com/jobs/customer-support-engineer/119016
Software Developer - Java,Ericsson,https://www.herkey.com/jobs/software-developer---java/173669
Senior Security Specialist,Ericsson,https://www.herkey.com/jobs/senior-security-specialist/173652
Regulatory Compliance Team Lead (Sr Manager),Amgen India,https://www.herkey.com/jobs/regulatory-compliance-team-lead-sr-manager/173583
Deputy Manager – Accounts,Optum,https://www.herkey.com/jobs/deputy-manager--accounts/173579
Workforce Planning Analyst – IEX,Optum,https://www.herkey.com/jobs/workforce-planning-analyst--iex/173576
Assistant Manager,Optum,https://www.herkey.com/jobs/assistant-manager/173569
Collections Representative – US Health Care/RCM/AR Calling,Optum,https://www.herkey.com/jobs/collections-representative--us-health-care-rcm-ar-calling/173550
COMMUNITY MANAGER,HerKey,https://www.herkey.com/jobs/community-manager/173539
Senior QA Consultant,HerKey,https://www.herkey.com/jobs/senior-qa-consultant/173530
National Account Manager,HerKey,https://www.herkey.com/jobs/national-account-manager/173510
Angular Developer,Cognizant,https://www.herkey.com/jobs/angular-developer/173498
Automation testing,Cognizant,https://www.herkey.com/jobs/automation-testing/173501
